img|name|price|vat|ammount|cat
https://images.obi.pl/product/PL/579x320/307949_1.jpg|Skiva Taczka spawana 90L|229.0|1|86|materialy budowlane
https://images.obi.pl/product/PL/579x320/512913_1.jpg|Bayersystem Drabina wielofunkcyjna TG-DW 3 x 7 szczebli|340.0|1|7|materialy budowlane
https://images.obi.pl/product/PL/579x320/472741_1.jpg|CMI Pianka montażowa wężykowa 750 ml|17.98|1|25|materialy budowlane
https://images.obi.pl/product/PL/579x320/512911_1.jpg|Bayersystem Drabina wielofunkcyjna TG-DW 3 x 9 szczebli|599.0|1|65|materialy budowlane
https://images.obi.pl/product/PL/415x415/618892_1.jpg|Bayersystem Drabina przystawna TG-DJ 1 x 10 szczebli|229.0|1|32|materialy budowlane
https://images.obi.pl/product/PL/415x415/136965_1.jpg|LUX Plandeka 80 g/m2 zielona 2 m x 3 m|13.99|1|12|materialy budowlane
https://images.obi.pl/product/PL/415x415/158555_1.jpg|Soudal Pianka montażowa z aplikatorem Genius Gun 750 ml|26.99|1|100|materialy budowlane
https://images.obi.pl/product/PL/579x320/499870_1.jpg|Krause Mini rusztowanie Corda|999.0|1|15|materialy budowlane
https://images.obi.pl/product/PL/415x415/544040_1.jpg|Soudal Pianka montażowa pistoletowa Okna & Drzwi 750 ml|29.99|1|90|materialy budowlane
https://images.obi.pl/product/PL/415x415/534437_1.jpg|Daniel Drabina rozstawna lakierowana DRL-6 Lux|189.0|1|95|materialy budowlane
https://images.obi.pl/product/PL/579x320/338529_1.jpg|LUX Plandeka 120 g/m2 zielona, 6 m x 8 m|155.0|1|60|materialy budowlane
https://images.obi.pl/product/PL/579x320/285635_2.jpg|KRAUSE Drabina wielofunkcyjna 3x7 CORDA|499.0|1|68|materialy budowlane
https://images.obi.pl/product/PL/415x415/497831_1.jpg|LUX Plandeka 120 g/m2 biała, 3 m x 4 m|41.99|1|74|materialy budowlane
https://images.obi.pl/product/PL/579x320/338529_1.jpg|LUX Plandeka 120 g/m2 zielona, 3 m x 5 m|49.99|1|71|materialy budowlane
https://images.obi.pl/product/PL/415x415/691663_1.jpg|Skiva Taczka spawana SPC-T2 90 L|349.0|1|53|materialy budowlane
https://images.obi.pl/product/PL/579x320/338529_1.jpg|LUX Plandeka 120 g/m2 zielona, 4 m x 6 m|82.99|1|17|materialy budowlane
https://images.obi.pl/product/PL/579x320/338529_1.jpg|LUX Plandeka 80 g/m2 zielona, 3 m x 4 m|31.99|1|9|materialy budowlane
https://images.obi.pl/product/PL/579x320/285636_1.jpg|KRAUSE Drabina wielofunkcyjna 3x9 CORDA|699.0|1|71|materialy budowlane
https://images.obi.pl/product/PL/579x320/285637_1.jpg|KRAUSE Drabina wielofunkcyjna 3x11 CORDA|999.0|1|29|materialy budowlane
https://images.obi.pl/product/PL/579x320/263568_1.jpg|Soudal Pianka montażowa z aplikatorem Genius Gun 300 ml|21.99|1|88|materialy budowlane
https://images.obi.pl/product/PL/579x320/696610_1.jpg|Skiva Drabina wielofunkcyjna 3 x 7 szczebli|399.0|1|62|materialy budowlane
https://images.obi.pl/product/PL/579x320/338529_1.jpg|LUX Plandeka 120 g/m2 zielona 2 m x 3 m|25.99|1|23|materialy budowlane
https://images.obi.pl/product/PL/579x320/626620_1.jpg|Skiva Betoniarka SB-100 550 W|849.0|1|50|materialy budowlane
https://images.obi.pl/product/PL/579x320/690060_1.jpg|Pianka Iozuplus izolacja termiczna 750 ml|47.99|1|12|materialy budowlane
https://images.obi.pl/product/PL/579x320/421602_1.jpg|Soudal Pianka montażowa wężykowa Soudafoam EX-TRA 66 750 ml|34.99|1|20|materialy budowlane
https://images.obi.pl/product/PL/415x415/512858_1.jpg|Fola Worek na gruz 65 cm x 105 cm|7.99|1|87|materialy budowlane
https://images.obi.pl/product/PL/415x415/285632_1.jpg|KRAUSE Drabina wielofunkcyjna Tribilo 3x10 MONTO|1299.0|1|84|materialy budowlane
https://images.obi.pl/product/PL/415x415/640852_1.jpg|Soudal Piana montażowa z aplikatorem Genius Gun 500ml + 20% gratis|24.99|1|82|materialy budowlane
https://images.obi.pl/product/PL/415x415/592888_2.jpg|Altrad Poland Betoniarka MIX-130/ŻKE 550 W|999.0|1|85|materialy budowlane
https://images.obi.pl/product/PL/415x415/645922_1.jpg|Soudal Pianka montażowa z aplikatorem Genius Gun 600 ml|24.99|1|11|materialy budowlane
https://images.obi.pl/product/PL/415x415/553785_1.jpg|Rew-Ton Przęsło konstrukcyjne 1101 1 m|79.99|1|92|materialy budowlane
https://images.obi.pl/product/PL/579x320/281732_1.jpg|Piana pistoletowa 65 PVC EXPERT LINE Professional 840 ml|39.99|1|91|materialy budowlane
https://images.obi.pl/product/PL/579x320/285639_1.jpg|KRAUSE Drabina wielofunkcyjna 3x7 CORDA TR z funkcją ustawienia na schodach|599.0|1|30|materialy budowlane
https://images.obi.pl/product/PL/579x320/285633_1.jpg|KRAUSE Drabina wielofunkcyjna Tribilo 3x12 MONTO|1649.0|1|93|materialy budowlane
https://images.obi.pl/product/PL/579x320/687605_1.jpg|Krause Aluminiowe rusztowanie robocze Clim Tec 1. kondygnacja 5 m|2299.0|1|86|materialy budowlane
https://images.obi.pl/product/PL/579x320/158559_1.jpg|Soudal Płyn czyszczący Gun & Foam Cleaner 500 ml|29.99|1|49|materialy budowlane
https://images.obi.pl/product/PL/579x320/285634_1.jpg|KRAUSE Drabina wielofunkcyjna Tribilo 3x14 MONTO|2199.0|1|10|materialy budowlane
https://images.obi.pl/product/PL/579x320/367385_1.jpg|Soudal Pianka montażowa pistoletowa Soudafoam Low Expansion 750 ml|39.99|1|47|materialy budowlane
https://images.obi.pl/product/PL/579x320/603433_1.jpg|Soudal Pianka montażowa pistoletowa Soudafoam Maxi 870 ml|44.99|1|88|materialy budowlane
https://images.obi.pl/product/PL/579x320/590226_1.jpg|Altrad Betoniarka B1610 1000 W|1499.0|1|1|materialy budowlane
https://images.obi.pl/product/PL/579x320/260974_1.jpg|Skiva Betoniarka SB-140 550 W|999.0|1|85|materialy budowlane
https://images.obi.pl/product/PL/579x320/696563_1.jpg|Worek na gruz Big Bag 70 cm x 70 cm x 70 cm|44.99|1|74|materialy budowlane
https://images.obi.pl/product/PL/579x320/695536_1.jpg|Worek na gruz Big Bag 91 x 91 x 120 cm|69.99|1|39|materialy budowlane
https://images.obi.pl/product/PL/579x320/281773_1.jpg|Piana montażowa EXPERT LINE 750 ml|25.99|1|43|materialy budowlane
https://images.obi.pl/product/PL/579x320/687606_1.jpg|Krause Aluminiowe rusztowanie robocze Clim Tec 2. kondygnacja 7 m|2699.0|1|37|materialy budowlane
https://images.obi.pl/product/PL/579x320/662276_1.jpg|Krause Drabina przegubowa z platformą Corda 4x3|899.0|1|99|materialy budowlane
https://images.obi.pl/product/PL/579x320/367383_1.jpg|Soudal Pianka montażowa wężykowa Soudafoam 2K 400 ml|45.99|1|66|materialy budowlane
https://images.obi.pl/product/PL/579x320/170184_1.jpg|Rew-Ton Podest z blachy perforowanej 12-A/B|299.0|1|34|materialy budowlane
https://images.obi.pl/product/PL/579x320/632595_1.jpg|Fola Membrana dachowa Expert 1,5 m x 50 m 180 g / m2|499.0|1|98|materialy budowlane
https://images.obi.pl/product/PL/579x320/300062_1.jpg|Altrad Poland Betoniarka MK-185 PROFI 145l korba|2699.0|1|87|materialy budowlane
https://images.obi.pl/product/PL/579x320/339972_1.jpg|Soudal Flexifoam - pianka superelastyczna 750 ml|39.99|1|38|materialy budowlane
https://images.obi.pl/product/PL/579x320/646954_1.jpg|Expert Line Piana pistoletowa ThermoFoam White 750 ml|34.99|1|41|materialy budowlane
https://images.obi.pl/product/PL/579x320/696160_1.jpg|Soudal Piana ognioochronna Soudafoam pistolet 750 ml|129.0|1|31|materialy budowlane
https://images.obi.pl/product/PL/415x415/697833_1.jpg|Folia żółta 1,2 m x 8 m|14.99|1|49|materialy budowlane
https://images.obi.pl/product/PL/579x320/158556_1.jpg|Soudal Pianka montażowa z aplikatorem Genius Gun 500 ml|24.99|1|88|materialy budowlane
https://images.obi.pl/product/PL/579x320/118250_2.jpg|Krause Rusztowanie bazowe Clim Tec|1799.0|1|0|materialy budowlane
https://images.obi.pl/product/PL/579x320/632593_1.jpg|Fola Membrana dachowa Strong 1,5 m x 50 m 150 g / m2|469.0|1|60|materialy budowlane
https://images.obi.pl/product/PL/579x320/281772_1.jpg|Piana pistoletowa EXPERT LINE 750 ml|28.99|1|17|materialy budowlane
https://images.obi.pl/product/PL/579x320/252703_1.jpg|Unicell Sito 115 cm x 70 cm x 8 mm z podporą|199.0|1|93|materialy budowlane
https://images.obi.pl/product/PL/579x320/697834_1.jpg|Drabina drewniana 2 elementowa 2 x 5|399.0|1|44|materialy budowlane
https://images.obi.pl/product/PL/579x320/505066_1.jpg|Patrol Group Miska na gips 500 ml|11.99|1|48|materialy budowlane
https://images.obi.pl/product/PL/579x320/564271_1.jpg|Kurtyna przeciwkurzowa 100 cm x 215 cm|40.99|1|21|materialy budowlane
https://images.obi.pl/product/PL/579x320/580590_1.jpg|Soudal Pianka Comfort Genius Gun montażowa 750 ml|39.99|1|55|materialy budowlane
https://images.obi.pl/product/PL/415x415/628711_2.jpg|Fola Worek na gruz Big Bag 91 cm x 91 cm x 120 cm|69.99|1|5|materialy budowlane
https://images.obi.pl/product/PL/579x320/673712_1.jpg|Mapei Wiadro 16 l|19.99|1|84|materialy budowlane
https://images.obi.pl/product/PL/579x320/696159_1.jpg|Soudal Piana ognioochronna Soudafoam 750 ml|129.0|1|92|materialy budowlane
https://images.obi.pl/product/PL/579x320/262127_1.jpg|Ceresit Piana Whiteteq pistoletowa, 750 ml|39.99|1|78|materialy budowlane
https://images.obi.pl/product/PL/579x320/478236_1.jpg|Soudal Ściereczki czyszczące SWIPEX XXL 80 sztuk|41.99|1|44|materialy budowlane
https://images.obi.pl/product/PL/579x320/544041_1.jpg|Soudal Ściereczki czyszczące SWIPEX XXL 20 sztuk|19.99|1|75|materialy budowlane
https://images.obi.pl/product/PL/415x415/118253_1.jpg|Zestaw rolek jezdnych Krause ClimTec|599.0|1|96|materialy budowlane
https://images.obi.pl/product/PL/579x320/285642_1.jpg|KRAUSE Pomost roboczy 2x6 CORDA|799.0|1|32|materialy budowlane
https://images.obi.pl/product/PL/579x320/158557_1.jpg|Soudal Pianka montażowa pistoletowa Soudafoam Classic 750 ml|32.99|1|62|materialy budowlane
https://images.obi.pl/product/PL/579x320/605989_1.jpg|GruzBag Worek na gruz z usługą odbioru|309.0|2|38|materialy budowlane
https://images.obi.pl/product/PL/579x320/512912_1.jpg|Bayersystem Drabina wielofunkcyjna BS-DW 3 x 11 szczebli|749.0|1|82|materialy budowlane
https://images.obi.pl/product/PL/579x320/553457_1.jpg|CMI Pianka montażowa wężykowa zimowa 750 ml|19.99|1|69|materialy budowlane
https://images.obi.pl/product/PL/579x320/571063_1.jpg|Soudal Pianka wężykowa Soudafoam 1K FR 750 ml|129.0|1|94|materialy budowlane
https://images.obi.pl/product/PL/579x320/275618_1.jpg|Skiva Betoniarka SB-180, 650 W|1399.0|1|6|materialy budowlane
https://images.obi.pl/product/PL/579x320/546987_1.jpg|CMI Pianka montażowa pistoletowa 750 ml|24.99|1|96|materialy budowlane
https://images.obi.pl/product/PL/579x320/444264_1.jpg|Patrol Group Kastra budowlana prostokątna 40 l|34.99|1|29|materialy budowlane
https://images.obi.pl/product/PL/579x320/281771_1.jpg|Partner Fix Pianka montażowa 750 ml|18.99|1|31|materialy budowlane
https://images.obi.pl/product/PL/579x320/628418_1.jpg|Fola Folia budowlana atestowana czarna 0,30 mm|195.0|1|40|materialy budowlane
https://images.obi.pl/product/PL/579x320/444261_1.jpg|Patrol Group Wiadro budowlane z lejkiem 20 l|15.99|1|2|materialy budowlane
https://images.obi.pl/product/PL/579x320/281731_1.jpg|Piana pistoletowa PARTNER FIX 700 ml|25.99|1|10|materialy budowlane
https://images.obi.pl/product/PL/579x320/588604_1.jpg|Patrol Group Kastra budowlana okrągła 40 l|34.99|1|19|materialy budowlane
https://images.obi.pl/product/PL/579x320/627006_1.jpg|Fola Folia do ochrony 200 czarna 0,08 mm 4 m x 25 m|79.99|1|46|materialy budowlane
https://images.obi.pl/product/PL/579x320/638140_1.jpg|Jan Niezbędny Worki budowlane 240l|35.99|1|66|materialy budowlane
https://images.obi.pl/product/PL/579x320/444262_2.jpg|Patrol Group Wiadro budowlane bez lejka 12 l|7.49|1|6|materialy budowlane
https://images.obi.pl/product/PL/579x320/564303_1.jpg|Rew-Ton Łącznik do rusztowania kolumnowego 1 m|59.99|1|13|materialy budowlane
https://images.obi.pl/product/PL/579x320/534640_1.jpg|Fola Folia budowlana atestowana czarna 0,15 mm|99.99|1|19|materialy budowlane
https://images.obi.pl/product/PL/579x320/603436_1.jpg|Soudal Klej do styropianu Soudatherm Fasada 750 ml|46.99|1|48|materialy budowlane
https://images.obi.pl/product/PL/415x415/444260_1.jpg|Patrol Group Wiadro budowlane z lejkiem 12 l|8.49|1|94|materialy budowlane
https://images.obi.pl/product/PL/415x415/263567_1.jpg|Soudal Płyn czyszczący do pianki 150 ml|14.99|1|57|materialy budowlane
https://images.obi.pl/product/PL/415x415/444263_1.jpg|Patrol Group Wiadro budowlane z lejkiem 5 l|5.99|1|89|materialy budowlane
https://images.obi.pl/product/PL/415x415/588605_1.jpg|Patrol Group Wiadro budowlane Profi bez lejka 20l|14.99|1|50|materialy budowlane
https://images.obi.pl/product/PL/579x320/627006_1.jpg|Fola Folia do ochrony 200 czarna 0,06 mm|44.99|1|49|materialy budowlane
https://images.obi.pl/product/PL/579x320/638141_1.jpg|Jan Niezbędny Worki budowlane 300l|37.99|1|43|materialy budowlane
https://images.obi.pl/product/PL/579x320/564300_1.jpg|Rew-Ton Łącznik do rusztowania kolumnowego 1,6 m|69.99|1|100|materialy budowlane
https://images.obi.pl/product/PL/579x320/546989_1.jpg|Soudal Preparat do usuwania pianki PU Remover 100 ml|37.99|1|62|materialy budowlane
https://images.obi.pl/product/PL/579x320/564373_1.jpg|Soudal Aplikator do piany poliuretanowej 3 sztuki|6.87|1|76|materialy budowlane
https://images.obi.pl/product/PL/579x320/330765_1.jpg|Czyścik do pianek poliuretanowych 500 ml|27.99|1|84|materialy budowlane
https://images.obi.pl/product/PL/579x320/697735_1.jpg|Stopa do stabilizacji Corda 50x20 mm|29.99|1|15|materialy budowlane
https://images.obi.pl/product/PL/579x320/612149_1.jpg|Fola Worek budowlany czarny 160 l 5 sztuk|17.45|1|67|materialy budowlane
https://images.obi.pl/product/PL/579x320/638139_1.jpg|Jan Niezbędny Worki budowlane 160l|30.99|1|59|materialy budowlane
https://images.obi.pl/product/PL/579x320/662277_1.jpg|Platforma do drabiny Corda 4x3|58.97|1|20|materialy budowlane
https://images.obi.pl/product/PL/579x320/564304_1.jpg|Rew-Ton Kółko do rusztowania kolumnowego|199.0|1|36|materialy budowlane
https://images.obi.pl/product/PL/579x320/564302_1.jpg|Rew-Ton Ukośnik do rusztowania kolumnowego 1 m|79.99|1|97|materialy budowlane
https://images.obi.pl/product/PL/579x320/607284_1.jpg|Fola Worek budowlany 70 l 5 sztuk|11.99|1|27|materialy budowlane
https://images.obi.pl/product/PL/579x320/638138_1.jpg|Jan Niezbędny Worki budowlane 120l 15 stuk|31.99|1|92|materialy budowlane
https://images.obi.pl/product/PL/579x320/638144_1.jpg|Jan Niezbędny Worki budowlane torba 60 l|25.99|1|12|materialy budowlane
https://images.obi.pl/product/PL/579x320/564305_1.jpg|Rew-Ton Ukośnik do rusztowania kolumnowego 1,6 m|89.99|1|70|materialy budowlane
https://images.obi.pl/product/PL/579x320/315390_1.jpg|Krause Podpora do rusztowania ClimTec|499.0|1|2|materialy budowlane
https://images.obi.pl/product/PL/579x320/638145_1.jpg|Jan Niezbędny Worki budowlane torba 90 l|31.99|1|46|materialy budowlane
https://images.obi.pl/product/PL/579x320/575000_2.jpg|Baumaster Klej do styropianu Styrofix 750 ml|35.99|1|79|materialy budowlane
https://images.obi.pl/product/PL/579x320/687563_1.jpg|Baumaster Klej do styropianu Styrofix Aqua Graphite 750g|37.99|1|54|materialy budowlane
https://images.obi.pl/product/PL/579x320/534640_1.jpg|Fola Folia budowlana atestowana czarna 0,2 mm|129.0|1|57|materialy budowlane
https://images.obi.pl/product/PL/579x320/634627_1.jpg|Fola Folia budowlana 0,15 mm 4 m x 8 m|44.99|1|42|materialy budowlane
https://images.obi.pl/product/PL/579x320/262116_1.jpg|Ceresit Piana Whiteteq z wężykiem, 750 ml|34.99|1|38|materialy budowlane
https://images.obi.pl/product/PL/579x320/515894_1.jpg|Fola Folia remontowo-budowlana 3 m x 5 m|23.99|1|59|materialy budowlane
https://images.obi.pl/product/PL/579x320/631034_1.jpg|Soudal Pianka do kręgów Genius Gun 750 ml|36.99|1|4|materialy budowlane
https://images.obi.pl/product/PL/579x320/628418_1.jpg|Fola Folia budowlana czarna 0,30 mm|109.0|1|41|materialy budowlane
https://images.obi.pl/product/PL/579x320/564301_1.jpg|Rew-Ton Podstawka do rusztowania kolumnowego|59.99|1|50|materialy budowlane
https://images.obi.pl/product/PL/579x320/612148_1.jpg|Fola Worek budowlany czarny 120 l 5 sztuk|14.95|1|75|materialy budowlane
https://images.obi.pl/product/PL/579x320/638142_1.jpg|Jan Niezbędny Worki budowlane 120l 25 stuk|44.99|1|85|materialy budowlane
https://images.obi.pl/product/PL/579x320/275542_1.jpg|Scala Rura drenarska DN100 dł. 50m|329.0|1|47|materialy budowlane
https://images.obi.pl/product/PL/579x320/307920_1.jpg|Rura kanalizacyjna 160-500 mm|32.99|1|82|materialy budowlane
https://images.obi.pl/product/PL/579x320/312142_1.jpg|Rura kanalizacyjna śr. 11 cm dł. 50 cm|19.99|1|88|materialy budowlane
https://images.obi.pl/product/PL/579x320/146666_1.jpg|Aco Wanna wycieraczki Vario 60 cm x 40 cm|159.0|1|52|materialy budowlane
https://images.obi.pl/product/PL/415x415/662558_1.jpg|Oczyszczalnia ścieków 2000L|2898.0|1|98|materialy budowlane
https://images.obi.pl/product/PL/579x320/282580_1.jpg|Drewplast Rura drenarska z geowłókniną SF27 DN 100 50 mb|649.0|1|7|materialy budowlane
https://images.obi.pl/product/PL/579x320/479953_1.jpg|Scala Rura drenarska DN100 20 m|199.0|1|63|materialy budowlane
https://images.obi.pl/product/PL/579x320/337167_1.jpg|Scala Studnia rewizyjna 1,5x0,315 m z 3 wylotami fi 11 cm|229.0|1|46|materialy budowlane
https://images.obi.pl/product/PL/579x320/662559_1.jpg|Oczyszczalnia ścieków 3000L|4899.0|1|36|materialy budowlane
https://images.obi.pl/product/PL/579x320/307913_1.jpg|Mufa 110 mm|13.99|1|84|materialy budowlane
https://images.obi.pl/product/PL/579x320/146675_1.jpg|ACO Ruszt wycieraczki Vario z wypełnieniem z ryflowanej gumy 60 cm x 40 cm|369.0|1|66|materialy budowlane
https://images.obi.pl/product/PL/579x320/264812_1.jpg|ACO SELF 2.0 Kanał z rusztem, ocynk, 50 x 10 x 13 cm|51.99|1|43|materialy budowlane
https://images.obi.pl/product/PL/579x320/274854_1.jpg|ACO VARIO Mata wycieraczki 60x40, ryps czarny|329.0|1|12|materialy budowlane
https://images.obi.pl/product/PL/579x320/670485_1.jpg|Odpływ podłogowy regulowany boczny 100x100|53.99|1|58|materialy budowlane
https://images.obi.pl/product/PL/579x320/265414_1.jpg|Scala Zaślepka drenarska DN 100|8.99|1|26|materialy budowlane
https://images.obi.pl/product/PL/579x320/265421_1.jpg|Scala Trójnik drenarski DN 100-100|20.99|1|39|materialy budowlane
https://images.obi.pl/product/PL/579x320/307922_1.jpg|Trójnik kanalizacji 110/110 mm 87 st.|24.99|1|94|materialy budowlane
https://images.obi.pl/product/PL/579x320/307890_1.jpg|Kolano kanalizacji 160 mm 15 st.|31.99|1|14|materialy budowlane
https://images.obi.pl/product/PL/579x320/312148_1.jpg|Studzienka odwodnieniowa 300x300 mm|49.99|1|60|materialy budowlane
https://images.obi.pl/product/PL/579x320/337168_1.jpg|Scala Pokrywa studni PP klasa A15 fi 31,5 cm|42.99|1|1|materialy budowlane
https://images.obi.pl/product/PL/579x320/479953_1.jpg|Scala Rura drenarska DN80 20 m|159.0|1|90|materialy budowlane
https://images.obi.pl/product/PL/415x415/670486_1.jpg|Odpływ podłogowy regulowany prosty 100x100|53.99|1|15|materialy budowlane
https://images.obi.pl/product/PL/579x320/265410_1.jpg|Scala Mufa drenarska DN 80|3.76|1|24|materialy budowlane
https://images.obi.pl/product/PL/579x320/265411_1.jpg|Scala Mufa drenarska DN 100|6.99|1|46|materialy budowlane
https://images.obi.pl/product/PL/415x415/265413_1.jpg|Scala Zaślepka drenarska DN 80|5.46|1|31|materialy budowlane
https://images.obi.pl/product/PL/415x415/265416_1.jpg|Scala Kolano drenarskie DN 80|9.96|1|1|materialy budowlane
https://images.obi.pl/product/PL/415x415/265417_1.jpg|Scala Kolano drenarskie DN 100|26.99|1|4|materialy budowlane
https://images.obi.pl/product/PL/579x320/285705_1.jpg|Tycner Wpust kanalizacyjny w wyjściem prostym, 50 mm|24.99|1|13|materialy budowlane
https://images.obi.pl/product/PL/579x320/285728_1.jpg|Tycner Wpust kanalizacyjny z wyjściem bocznym 50 mm|24.99|1|34|materialy budowlane
https://images.obi.pl/product/PL/579x320/280987_1.jpg|Kapsułki Sanitar Active - 30 szt.|59.99|1|31|materialy budowlane
https://images.obi.pl/product/PL/579x320/307826_1.jpg|Denko mufy 160mm|14.99|1|93|materialy budowlane
https://images.obi.pl/product/PL/579x320/307926_1.jpg|Trójnik kanalizacji 160/110 mm 45 st.|56.99|1|39|materialy budowlane
https://images.obi.pl/product/PL/415x415/307924_1.jpg|Trójnik kanalizacji 160/160 mm 45 st.|69.99|1|99|materialy budowlane
https://images.obi.pl/product/PL/579x320/307827_1.jpg|Kolano kanalizacji 110 mm 15 st.|13.99|1|7|materialy budowlane
https://images.obi.pl/product/PL/415x415/274855_1.jpg|ACO VARIO Mata wycieraczki 60x40, ryps szary|329.0|1|48|materialy budowlane
https://images.obi.pl/product/PL/579x320/264817_1.jpg|ACO EUROMINI Ścianka czołowa pełna, 5 x 13 x 10 cm|11.99|1|12|materialy budowlane
https://images.obi.pl/product/PL/579x320/264813_1.jpg|ACO SELF 2.0 Skrzynka odpływowa z rusztem, ocynk, 50 x 13 x 30 cm|289.0|1|12|materialy budowlane
https://images.obi.pl/product/PL/579x320/641763_1.jpg|Drewplast Redukcja drenarska 100/kanalizacja 110|19.99|1|78|materialy budowlane
https://images.obi.pl/product/PL/579x320/467539_1.jpg|Aco Trójnik 80 mm|11.96|1|92|materialy budowlane
https://images.obi.pl/product/PL/579x320/146669_1.jpg|ACO Ruszt wycieraczki Vario ocynkowany 60 cm x 40 cm|119.0|1|99|materialy budowlane
https://images.obi.pl/product/PL/579x320/265421_1.jpg|Scala Trójnik drenarski DN 80-80|12.96|1|81|materialy budowlane
https://images.obi.pl/product/PL/579x320/307916_1.jpg|Rewizja kanalizacji zewnętrznej 110 mm|49.99|1|56|materialy budowlane
https://images.obi.pl/product/PL/579x320/275565_1.jpg|ACO Hexaline Kanał szczelinowy 1 m|79.99|1|94|materialy budowlane
https://images.obi.pl/product/PL/579x320/264814_1.jpg|ACO SELF 2.0 Ścianka czołowa pełna, 5 x 13 x 10 cm|13.99|1|1|materialy budowlane
https://images.obi.pl/product/PL/579x320/264818_1.jpg|ACO EUROMINI Ścianka czołowa z króćcem DN50, 20 x 13 x 10 cm|34.99|1|19|materialy budowlane
https://images.obi.pl/product/PL/579x320/264815_1.jpg|ACO SELF 2.0 Ścianka czołowa z króćcem DN100, 20 x 13 x 10 cm|36.99|1|23|materialy budowlane
https://images.obi.pl/product/PL/579x320/312153_1.jpg|Przedłużenie studzienki 200x200 mm|17.99|1|35|materialy budowlane
https://images.obi.pl/product/PL/579x320/149119_1.jpg|Gutta Izolacja pozioma Guttabau 25 cm x 25 m|24.99|1|79|materialy budowlane
https://images.obi.pl/product/PL/579x320/527852_1.jpg|Fola Geowłóknina 1 m x 10 m|59.99|1|36|materialy budowlane
https://images.obi.pl/product/PL/415x415/264816_1.jpg|ACO EUROMINI Kanał z rusztem, ocynk, 100 x 13 x 6 cm|49.99|1|78|materialy budowlane
https://images.obi.pl/product/PL/579x320/307915_1.jpg|Redukcja kanalizacji 160/110 mm|24.99|1|70|materialy budowlane
https://images.obi.pl/product/PL/579x320/595225_1.jpg|Aco Kanał z rusztem ocynkowanym 100 cm do systemu Hexaline 2.0|57.99|1|53|materialy budowlane
https://images.obi.pl/product/PL/579x320/595223_1.jpg|Aco Kanał z rusztem plastikowym 100 cm do systemu Hexaline 2.0|44.99|1|73|materialy budowlane
https://images.obi.pl/product/PL/579x320/146664_1.jpg|Aco Wpust z rusztem ocynkowanym do systemy ACO Self|229.0|1|41|materialy budowlane
https://images.obi.pl/product/PL/579x320/312149_1.jpg|Kratka do studzienki 200x200 mm|18.99|1|70|materialy budowlane
https://images.obi.pl/product/PL/579x320/312151_1.jpg|Pokrywa do studzienki 200x200 mm|21.99|1|36|materialy budowlane
https://images.obi.pl/product/PL/579x320/295637_1.jpg|Biologiczny preparat do szamb i przydomowych oczyszczalni ścieków 1 kg|54.99|1|74|materialy budowlane
https://images.obi.pl/product/PL/579x320/146686_1.jpg|Aco Przyłącze z syfonem do systemu ACO Self Mini|34.99|1|49|materialy budowlane
https://images.obi.pl/product/PL/579x320/242750_1.jpg|Ultrament Preparat do iniekcji Suchy Mur 5 kg|159.0|1|51|materialy budowlane
https://images.obi.pl/product/PL/579x320/242751_1.jpg|Ultrament Preparat do iniekcji Suchy Mur 30 kg|439.0|1|1|materialy budowlane
https://images.obi.pl/product/PL/579x320/445333_1.jpg|Aquafor Preparat do szamb i oczyszczalni Biosanit 500 g|40.99|1|85|materialy budowlane
https://images.obi.pl/product/PL/579x320/242752_1.jpg|Ultrament Lejek do iniekcji 5 szt.|39.99|1|5|materialy budowlane
https://images.obi.pl/product/PL/579x320/320360_1.jpg|4IQ Pokrywa okrągła do szamba czarna 74 x 7,4 cm bez klucza|199.0|1|71|materialy budowlane
https://images.obi.pl/product/PL/579x320/595222_1.jpg|Aco Narożnik czarny 12,5 cm do systemu Hexaline 2.0|62.99|1|12|materialy budowlane
https://images.obi.pl/product/PL/579x320/595224_1.jpg|Aco Zestaw akcesoriów do systemu Hexaline 2.0 czarny|31.99|1|23|materialy budowlane
https://images.obi.pl/product/PL/415x415/146665_1.jpg|Aco Nadstawka wpustu ogrodowego do systemy ACO Self|119.0|1|23|materialy budowlane
https://images.obi.pl/product/PL/415x415/445334_1.jpg|Aquafor Preparat do szamb i oczyszczalni Biosanit 250 g|30.99|1|14|materialy budowlane
https://images.obi.pl/product/PL/415x415/104333_1.jpg|Biolatrin 395g - preparat do szamb|32.99|1|59|materialy budowlane
https://images.obi.pl/product/PL/579x320/275566_1.jpg|ACO Hexaline Element rewizyjny/narożny do kanału szczelinowego|69.99|1|30|materialy budowlane
https://images.obi.pl/product/PL/579x320/123559_1.jpg|Marley Denko do mufy 110 mm|4.99|1|19|materialy budowlane
https://images.obi.pl/product/PL/579x320/386409_1.jpg|Preparat do szamb i oczyszczalni Septonic 71 g|30.99|1|56|materialy budowlane
https://images.obi.pl/product/PL/579x320/502535_1.jpg|Tabletki do szamb - 6 szt.|49.99|1|57|materialy budowlane
https://images.obi.pl/product/PL/579x320/500267_2.jpg|Knauf Ręczny tynk gipsowy Goldband 25 kg|28.49|1|80|tynk zaprawa i cement
https://images.obi.pl/product/PL/579x320/540328_1.jpg|Knauf Maszynowy tynk gipsowy MP 75 25 kg|20.0|1|54|tynk zaprawa i cement
https://images.obi.pl/product/PL/579x320/650617_1.jpg|Baumaster Tynk mozaikowy kolor BM122 18kg|68.98|1|28|tynk zaprawa i cement
https://images.obi.pl/product/PL/579x320/665216_1.jpg|Knauf Ręczny tynk gipsowy Goldband 5 kg|12.99|1|59|tynk zaprawa i cement
https://images.obi.pl/product/PL/579x320/535258_1.jpg|Knauf Maszynowy tynk gipsowy MP 75 Leicht 25 kg|23.2|1|42|tynk zaprawa i cement
https://images.obi.pl/product/PL/579x320/500266_1.jpg|Knauf Ręczny tynk gipsowy Rotband 25 kg|32.99|1|40|tynk zaprawa i cement
https://images.obi.pl/product/PL/415x415/563433_2.jpg|Baumaster Tynk mozaikowy kolor BM534 15kg|109.0|1|27|tynk zaprawa i cement
https://images.obi.pl/product/PL/579x320/507124_3.jpg|Cekol Tynk cementowo-wapienny ZT-02 25 kg|32.99|1|47|tynk zaprawa i cement
https://images.obi.pl/product/PL/579x320/687884_1.jpg|Baumaster Tynk mozaikowy kolor BM 549 15kg|109.0|1|18|tynk zaprawa i cement
https://images.obi.pl/product/PL/579x320/687885_1.jpg|Baumaster Tynk mozaikowy kolor BM 551 15kg|109.0|1|30|tynk zaprawa i cement
https://images.obi.pl/product/PL/579x320/662857_1.jpg|Knauf Ręczny tynk gipsowy Rotband 5 kg|14.99|1|11|tynk zaprawa i cement
https://images.obi.pl/product/PL/579x320/690247_1.jpg|Baumaster Tynk mozaikowy kolor BM 546 5 kg|55.99|1|35|tynk zaprawa i cement
https://images.obi.pl/product/PL/579x320/563454_2.jpg|Baumaster Tynk mozaikowy kolor BM537 15kg|109.0|1|30|tynk zaprawa i cement
https://images.obi.pl/product/PL/579x320/295226_1.jpg|Kreisel Tynk mineralny Poztynk SZ 062 biały baranek 2 mm 25 kg|40.99|1|80|tynk zaprawa i cement
https://images.obi.pl/product/PL/579x320/687886_1.jpg|Baumaster Tynk mozaikowy kolor BM 553 15kg|109.0|1|31|tynk zaprawa i cement
https://images.obi.pl/product/PL/579x320/563453_3.jpg|Baumaster Tynk mozaikowy kolor BM122 15kg|109.0|1|58|tynk zaprawa i cement
https://images.obi.pl/product/PL/579x320/200012_1.jpg|Kreisel Podkład tynkarski Tynkolit-T 330 biały 7 kg|54.99|1|72|tynk zaprawa i cement
https://images.obi.pl/product/PL/579x320/685447_1.jpg|Baumaster Tynk mozaikowy kolor BM537 5kg|55.99|1|57|tynk zaprawa i cement
https://images.obi.pl/product/PL/579x320/265092_1.jpg|Kreisel SISITYNK TS03 25 Tynk silikatowo-silikonowy|169.0|1|60|tynk zaprawa i cement
https://images.obi.pl/product/PL/579x320/265093_1.jpg|Kreisel SISITYNK TS04 25 Tynk silikatowo-silikonowy|169.0|1|2|tynk zaprawa i cement
https://images.obi.pl/product/PL/579x320/265094_3.jpg|Kreisel SISITYNK TS05 25 Tynk silikatowo-silikonowy|169.0|1|48|tynk zaprawa i cement
https://images.obi.pl/product/PL/579x320/265095_1.jpg|Kreisel SISITYNK TS06 25 Tynk silikatowo-silikonowy|169.0|1|76|tynk zaprawa i cement
https://images.obi.pl/product/PL/579x320/265817_1.jpg|Podkład mozaikowy pod tynki strukturalne BAUMASTER 16 kg|99.99|1|37|tynk zaprawa i cement
https://images.obi.pl/product/PL/579x320/272540_1.jpg|Kreisel Tynk silikatowo-silikonowy dekoracyjny TS07,25 kg|169.0|1|17|tynk zaprawa i cement
https://images.obi.pl/product/PL/579x320/295227_1.jpg|Kreisel Tynk mineralny Poztynk SZ 061 biały drapany 2 mm 25 kg|42.99|1|2|tynk zaprawa i cement
https://images.obi.pl/product/PL/579x320/685447_1.jpg|Baumaster Tynk mozaikowy kolor BM535 5kg|55.99|1|0|tynk zaprawa i cement
https://images.obi.pl/product/PL/579x320/685447_1.jpg|Baumaster Tynk mozaikowy kolor BM545 5kg|55.99|1|25|tynk zaprawa i cement
https://images.obi.pl/product/PL/579x320/692438_1.jpg|Kreisel Tynk mineralny Poztynk 062 biały baranek 1,5 mm 25 kg|44.99|1|26|tynk zaprawa i cement
https://images.obi.pl/product/PL/579x320/563466_2.jpg|Baumaster Tynk mozaikowy kolor BM535 15kg|109.0|1|52|tynk zaprawa i cement
https://images.obi.pl/product/PL/579x320/144827_1.jpg|Knauf Ręczny tynk gipsowy Rotband 10 kg|27.99|1|61|tynk zaprawa i cement
https://images.obi.pl/product/PL/579x320/266763_1.jpg|Kreisel Podkład tynkarski Tynkolit-T 330, 20 kg|129.0|1|72|tynk zaprawa i cement
https://images.obi.pl/product/PL/579x320/658327_1.jpg|Kreisel ECO TYNK baranek biały 25 kg|169.0|1|57|tynk zaprawa i cement
https://images.obi.pl/product/PL/579x320/326001_1.jpg|Baumaster Tynk mozaikowy kolor biały BM600 14,4kg|165.0|1|97|tynk zaprawa i cement
https://images.obi.pl/product/PL/579x320/685447_1.jpg|Baumaster Tynk mozaikowy kolor BM534 5kg|55.99|1|62|tynk zaprawa i cement
https://images.obi.pl/product/PL/579x320/687882_1.jpg|Baumaster Tynk mozaikowy kolor BM 546 15kg|109.0|1|82|tynk zaprawa i cement
https://images.obi.pl/product/PL/579x320/144830_1.jpg|Knauf Ręczny tynk gipsowy Goldband 10 kg|22.99|1|82|tynk zaprawa i cement
https://images.obi.pl/product/PL/579x320/265090_1.jpg|Kreisel SISITYNK TS01 25 Tynk silikatowo-silikonowy|169.0|1|80|tynk zaprawa i cement
https://images.obi.pl/product/PL/579x320/265091_1.jpg|Kreisel SISITYNK TS02 25 Tynk silikatowo-silikonowy|169.0|1|36|tynk zaprawa i cement
https://images.obi.pl/product/PL/579x320/326001_1.jpg|Baumaster Tynk mozaikowy kolor grafitowy BM620 14,4kg|165.0|1|39|tynk zaprawa i cement
https://images.obi.pl/product/PL/579x320/685447_1.jpg|Baumaster Tynk mozaikowy kolor BM122 5kg|55.99|1|90|tynk zaprawa i cement
https://images.obi.pl/product/PL/579x320/687883_1.jpg|Baumaster Tynk mozaikowy kolor BM 548 15kg|109.0|1|12|tynk zaprawa i cement
https://images.obi.pl/product/PL/579x320/563410_1.jpg|Baumaster Tynk mozaikowy kolor BM545 15kg|109.0|1|79|tynk zaprawa i cement
https://images.obi.pl/product/PL/579x320/563419_1.jpg|Baumaster Tynk mozaikowy kolor BM522 15kg|109.0|1|39|tynk zaprawa i cement
https://images.obi.pl/product/PL/579x320/563459_2.jpg|Baumaster Tynk mozaikowy kolor BM514 15kg|109.0|1|19|tynk zaprawa i cement
https://images.obi.pl/product/PL/579x320/619797_1.jpg|Atlas Podkładowa masa tynkarska Cerplast 15 kg|129.0|1|69|tynk zaprawa i cement
https://images.obi.pl/product/PL/579x320/528831_1.jpg|Atlas Podkładowa masa tynkarska Cerplast 10 kg|97.99|1|45|tynk zaprawa i cement
https://images.obi.pl/product/PL/579x320/619799_1.jpg|Atlas Podkładowa masa tynkarska Cerplast 25 kg|199.0|1|98|tynk zaprawa i cement
https://images.obi.pl/product/PL/579x320/469985_1.jpg|Cekol Preparat do impregnacji tynku dekoracyjnego PI-01 1 l|17.96|1|73|tynk zaprawa i cement
https://images.obi.pl/product/PL/579x320/637703_1.jpg|Cement Classic Monolit 25 kg|10.99|1|49|tynk zaprawa i cement
https://images.obi.pl/product/PL/579x320/586495_1.jpg|Wapno hydratyzowane Natura/Classic 20 kg|34.99|1|93|tynk zaprawa i cement
https://images.obi.pl/product/PL/579x320/612560_1.jpg|Primacol Plastyfikator zimowy Flux-ZM 5 l|45.99|1|73|tynk zaprawa i cement
https://images.obi.pl/product/PL/579x320/307970_1.jpg|Knauf F+F Cement biały 1,5kg|12.99|1|63|tynk zaprawa i cement
https://images.obi.pl/product/PL/579x320/612559_1.jpg|Primacol Plastyfikator zimowy Flux-ZM 1 l|22.99|1|63|tynk zaprawa i cement
https://images.obi.pl/product/PL/579x320/541922_1.jpg|Cement CEMII 32,5R 25 kg|8.49|1|65|tynk zaprawa i cement
https://images.obi.pl/product/PL/579x320/640042_1.jpg|Wapno hydratyzowane białe 2 kg|15.99|1|51|tynk zaprawa i cement
https://images.obi.pl/product/PL/579x320/236966_1.jpg|Ceresit Zaprawa szybkowiążąca CX5 5 kg|32.99|1|40|tynk zaprawa i cement
https://images.obi.pl/product/PL/579x320/307972_1.jpg|Knauf F+F Cement szybkowiążący 1,5kg|20.99|1|56|tynk zaprawa i cement
https://images.obi.pl/product/PL/579x320/236967_1.jpg|Ceresit Zaprawa szybkowiążąca CX5 25 kg|115.0|1|14|tynk zaprawa i cement
https://images.obi.pl/product/PL/579x320/563306_1.jpg|Mapei Zaprawa montażowa Lampocem 5 kg|23.99|1|51|tynk zaprawa i cement
https://images.obi.pl/product/PL/579x320/563889_1.jpg|Primacol Plastyfikator do zapraw Fast-mix DH 16 g|1.99|1|98|tynk zaprawa i cement
https://images.obi.pl/product/PL/579x320/627804_1.jpg|Primacol Środek do usuwania cementu i zapraw 575 ml|17.99|1|86|tynk zaprawa i cement
https://images.obi.pl/product/PL/579x320/612557_1.jpg|Primacol Przyspieszacz wiązania do betonu F-3S 1 l|21.99|1|73|tynk zaprawa i cement
https://images.obi.pl/product/PL/579x320/612562_1.jpg|Primacol Mikrozbrojenia do betonu 600 g|33.99|1|8|tynk zaprawa i cement
https://images.obi.pl/product/PL/579x320/612563_1.jpg|Primacol Domieszka do zapraw Tynkolit 1 l|14.99|1|34|tynk zaprawa i cement
https://images.obi.pl/product/PL/579x320/612556_1.jpg|Primacol Przyspieszacz wiązania do betonu F-3S 5 l|57.99|1|19|tynk zaprawa i cement
https://images.obi.pl/product/PL/579x320/612561_1.jpg|Primacol Mikrozbrojenia do betonu 150 g|12.99|1|20|tynk zaprawa i cement
https://images.obi.pl/product/PL/579x320/628293_2.jpg|Primacol Środek do czyszczenia Klinkier Czyścik 5 l|94.99|1|78|tynk zaprawa i cement
https://images.obi.pl/product/PL/579x320/612558_1.jpg|Primacol Domieszka do zapraw Tynkolit 5 l|40.99|1|14|tynk zaprawa i cement
https://images.obi.pl/product/PL/579x320/320143_1.jpg|Pręt stalowy gładki śr. 10 mm x 3000 mm|22.96|1|25|tynk zaprawa i cement
https://images.obi.pl/product/PL/579x320/320150_1.jpg|Pręt stalowy żebrowany śr. 6 mm x 3000 mm|9.46|1|3|tynk zaprawa i cement
https://images.obi.pl/product/PL/579x320/543836_1.jpg|Mata zbrojeniowa zgrzewana 100x200 cm z kratką 15 x 15 cm|16.99|1|59|tynk zaprawa i cement
https://images.obi.pl/product/PL/579x320/260509_1.jpg|Mata zbrojeniowa zgrzewana 100 mm x 100 mm|14.99|1|26|tynk zaprawa i cement
https://images.obi.pl/product/PL/579x320/628119_2.jpg|Drut stalowy ocynkowany śr. 0,8 mm x 100 m|31.99|1|1|tynk zaprawa i cement
https://images.obi.pl/product/PL/579x320/652682_1.jpg|Dystans stropowy zbrojeniowy DSTU 1 - 100 sztuk|25.99|1|25|tynk zaprawa i cement
https://images.obi.pl/product/PL/579x320/626612_3.jpg|Strzemiona budowlane 25 cm x 30 cm - 20 szt|48.99|1|76|tynk zaprawa i cement
https://images.obi.pl/product/PL/579x320/324768_1.jpg|Soudal Akryl Express 280 ml biały|16.99|1|15|akcesoria do plytek
https://images.obi.pl/product/PL/415x415/638669_1.jpg|Expert Line Silikon sanitarny biały 280 ml|19.99|1|55|akcesoria do plytek
https://images.obi.pl/product/PL/415x415/325926_1.jpg|CMI Silikon Sanitarny 280 ml biały|16.88|1|39|akcesoria do plytek
https://images.obi.pl/product/PL/415x415/263561_1.jpg|Soudal Akryl 280 ml brązowy|15.99|1|26|akcesoria do plytek
https://images.obi.pl/product/PL/579x320/538571_1.jpg|Ceresit Silikon sanitarny CS25 biały 280 ml|43.99|1|27|akcesoria do plytek
https://images.obi.pl/product/PL/579x320/311030_1.jpg|Koelner Kotwa chemiczna KEM PSF 300 ml|20.99|1|31|akcesoria do plytek
https://images.obi.pl/product/PL/415x415/324699_1.jpg|Soudal Silikon sanitarny 280 ml biały|28.99|1|90|akcesoria do plytek
https://images.obi.pl/product/PL/415x415/550753_1.jpg|Ceresit Silikon sanitarny CS 25 44 toffi 280 ml|43.99|1|6|akcesoria do plytek
https://images.obi.pl/product/PL/579x320/263562_1.jpg|Soudal Akryl 280 ml szary|15.99|1|89|akcesoria do plytek
https://images.obi.pl/product/PL/579x320/615847_1.jpg|Soudal Klej montażowy T-REX bezbarwny 310 ml|24.99|1|85|akcesoria do plytek
https://images.obi.pl/product/PL/579x320/324779_1.jpg|Soudal Silikon neutralny sanitarny 280 ml biały|33.99|1|11|akcesoria do plytek
https://images.obi.pl/product/PL/579x320/290962_1.jpg|Ceresit Silikon sanitarny CS9 biały, 280 ml|25.99|1|43|akcesoria do plytek
https://images.obi.pl/product/PL/579x320/571068_1.jpg|Soudal Klej poliuretanowy Soudabond Easy Gun 750 ml|39.99|1|96|akcesoria do plytek
https://images.obi.pl/product/PL/579x320/158528_1.jpg|Soudal Silikon uniwersalny 280 ml szary|27.99|1|17|akcesoria do plytek
https://images.obi.pl/product/PL/415x415/638447_1.jpg|Soudal Akryl zewnętrzny 280 ml biały|21.99|1|19|akcesoria do plytek
https://images.obi.pl/product/PL/415x415/246613_1.jpg|Soudal Silikon sanitarny 60 ml biały|16.99|1|16|akcesoria do plytek
https://images.obi.pl/product/PL/415x415/285942_1.jpg|Ceresit Uszczelniacz kominkowy CS38, czarny|34.99|1|46|akcesoria do plytek
https://images.obi.pl/product/PL/415x415/158551_1.jpg|Soudal Uszczelniacz dekarski bitumiczny 280 ml|19.99|1|10|akcesoria do plytek
https://images.obi.pl/product/PL/415x415/324694_1.jpg|Soudal Silikon wysokotemperaturowy 280 ml|49.99|1|11|akcesoria do plytek
https://images.obi.pl/product/PL/415x415/450729_1.jpg|Mapei Silikon Mapesil AC 112 tytan 310 ml|45.99|1|45|akcesoria do plytek
https://images.obi.pl/product/PL/579x320/450735_1.jpg|Mapei Silikon Mapesil AC 141 karmel 310 ml|45.99|1|64|akcesoria do plytek
https://images.obi.pl/product/PL/579x320/633969_1.jpg|Atlas Silikon sanitarny Silton S 207 latte 280 ml|46.99|1|25|akcesoria do plytek
https://images.obi.pl/product/PL/579x320/281746_1.jpg|Silikon neutralny EXPERT LINE 300 ml, biały|13.96|1|67|akcesoria do plytek
https://images.obi.pl/product/PL/579x320/324698_1.jpg|Soudal Silikon sanitarny 280 ml bezbarwny|28.99|1|65|akcesoria do plytek
https://images.obi.pl/product/PL/579x320/324690_1.jpg|Soudal Akryl lekki 280 ml biały|15.99|1|83|akcesoria do plytek
https://images.obi.pl/product/PL/579x320/659559_1.jpg|Soudal Akryl 280 ml beż|14.99|1|32|akcesoria do plytek
https://images.obi.pl/product/PL/579x320/246621_1.jpg|Soudal Silikon uniwersalny 60 ml bezbarwny|15.99|1|88|akcesoria do plytek
https://images.obi.pl/product/PL/579x320/473033_1.jpg|CMI Silikon sanitarny 280 ml bezbarwny|18.99|1|44|akcesoria do plytek
https://images.obi.pl/product/PL/579x320/623909_1.jpg|IZOHAN Uszczelniacz dekarski kauczukowy bezbarwny 290 ml|34.99|1|22|akcesoria do plytek
https://images.obi.pl/product/PL/579x320/450732_1.jpg|Mapei Silikon Mapesil AC 120 czarny 310 ml|45.99|1|57|akcesoria do plytek
https://images.obi.pl/product/PL/579x320/473034_1.jpg|CMI Akryl 280 ml biały|5.38|1|46|akcesoria do plytek
https://images.obi.pl/product/PL/579x320/615848_1.jpg|Soudal Kotwa chemiczna SOUDAFIX P300-SF 280 ml|46.99|1|29|akcesoria do plytek
https://images.obi.pl/product/PL/579x320/615849_1.jpg|Soudal Klej montażowy T-REX błyskawiczny 310 ml|22.99|1|19|akcesoria do plytek
https://images.obi.pl/product/PL/579x320/307977_1.jpg|Knauf F+F Akryl malarski 300ml|13.99|1|67|akcesoria do plytek
https://images.obi.pl/product/PL/579x320/439931_1.jpg|Expert Line Uszczelniacz akrylowy uniwersalny biały 280 ml|10.99|1|80|akcesoria do plytek
https://images.obi.pl/product/PL/579x320/450725_1.jpg|Mapei Silikon Mapesil AC 100 biały 310 ml|45.99|1|49|akcesoria do plytek
https://images.obi.pl/product/PL/579x320/629297_1.jpg|Soudal Klej montażowy T-REX Gold Power 290 ml|30.99|1|13|akcesoria do plytek
https://images.obi.pl/product/PL/579x320/633972_2.jpg|Atlas Silikon sanitarny Silton S 001 biały 280 ml|46.99|1|31|akcesoria do plytek
https://images.obi.pl/product/PL/579x320/324774_1.jpg|Soudal Uszczelniacz butylenowy 280 ml biały|19.99|1|49|akcesoria do plytek
https://images.obi.pl/product/PL/579x320/638097_1.jpg|Expert Line Silikon sanitarny bezbarwny 280 ml|19.99|1|42|akcesoria do plytek
https://images.obi.pl/product/PL/579x320/644020_1.jpg|Expert Line Kauczukowy uszczelniacz dekarski bezbarwny 280 ml|29.99|1|14|akcesoria do plytek
https://images.obi.pl/product/PL/579x320/603445_1.jpg|Soudal Klej poliuretanowy Soudabond Easy 750 ml|39.99|1|35|akcesoria do plytek
https://images.obi.pl/product/PL/579x320/633974_1.jpg|Atlas Silikon sanitarny Silton S 206 cappucino 280 ml|46.99|1|13|akcesoria do plytek
https://images.obi.pl/product/PL/579x320/450750_1.jpg|Mapei Silikon Mapesil AC 181 zielony 310 ml|45.99|1|32|akcesoria do plytek
https://images.obi.pl/product/PL/579x320/246614_1.jpg|Soudal Silikon sanitarny 60 ml bezbarwny|16.99|1|79|akcesoria do plytek
https://images.obi.pl/product/PL/579x320/571065_1.jpg|Soudal Silikon neutralny Express 310 ml bezbarwny|30.99|1|38|akcesoria do plytek
https://images.obi.pl/product/PL/579x320/644019_1.jpg|Expert Line Kauczukowy uszczelniacz dekarski brązowy 280 ml|29.99|1|6|akcesoria do plytek
https://images.obi.pl/product/PL/579x320/659838_1.jpg|Rawlplug Kotwa chemiczna 175 ml|22.99|1|25|akcesoria do plytek
https://images.obi.pl/product/PL/579x320/538561_1.jpg|Ceresit Silikon sanitarny CS 25 bezbarwny 280 ml|43.99|1|1|akcesoria do plytek
https://images.obi.pl/product/PL/579x320/450731_1.jpg|Mapei Silikon Mapesil AC 114 antracyt 310 ml|45.99|1|72|akcesoria do plytek
https://images.obi.pl/product/PL/415x415/246615_1.jpg|Soudal Silikon uniwersalny 60 ml biały|15.99|1|61|akcesoria do plytek
https://images.obi.pl/product/PL/415x415/633997_2.jpg|Atlas Silikon sanitarny Silton S 204 czarny 280 ml|46.99|1|32|akcesoria do plytek
https://images.obi.pl/product/PL/415x415/324695_1.jpg|Soudal Silikon neutralny 280 ml bezbarwny|29.99|1|57|akcesoria do plytek
https://images.obi.pl/product/PL/579x320/158552_1.jpg|Soudal Uszczelniacz dekarski 280 ml bezbarwny|35.99|1|59|akcesoria do plytek
https://images.obi.pl/product/PL/579x320/626190_1.jpg|Soudal Silikon sanitarny Extra biały 280 ml|35.99|1|28|akcesoria do plytek
https://images.obi.pl/product/PL/579x320/677169_1.jpg|Bostik Akryl Perfect Seal szybki 280 ml|11.99|1|7|akcesoria do plytek
https://images.obi.pl/product/PL/579x320/450726_1.jpg|Mapei Silikon Mapesil AC 130 jaśmin 310 ml|45.99|1|4|akcesoria do plytek
https://images.obi.pl/product/PL/579x320/450738_1.jpg|Mapei Silikon Mapesil AC 144 czekolada 310 ml|45.99|1|54|akcesoria do plytek
https://images.obi.pl/product/PL/579x320/603441_1.jpg|Soudal Klej Fix All Turbo 290 ml|48.99|1|16|akcesoria do plytek
https://images.obi.pl/product/PL/579x320/603442_1.jpg|Soudal Lekka szpachla akrylowa 900 ml|49.99|1|74|akcesoria do plytek
https://images.obi.pl/product/PL/579x320/633987_2.jpg|Atlas Silikon sanitarny Silton S 034 jasnoszary 280 ml|46.99|1|63|akcesoria do plytek
https://images.obi.pl/product/PL/579x320/324703_1.jpg|Soudal Silikon szklarski 280 ml bezbarwny|34.99|1|52|akcesoria do plytek
https://images.obi.pl/product/PL/579x320/158540_1.jpg|Soudal Silikon sanitarny 280 ml brązowy|30.99|1|74|akcesoria do plytek
https://images.obi.pl/product/PL/579x320/626191_1.jpg|Soudal Uszczelniacz Soudaflex 40FC 300 ml|27.99|1|64|akcesoria do plytek
https://images.obi.pl/product/PL/579x320/623911_1.jpg|IZOHAN Uszczelniacz dekarski kauczukowy czarny 300 ml|26.99|1|27|akcesoria do plytek
https://images.obi.pl/product/PL/579x320/395079_1.jpg|Ceresit Silikon sanitarny CS 25 46 karmel 280 ml|43.99|1|1|akcesoria do plytek
https://images.obi.pl/product/PL/579x320/450737_1.jpg|Mapei Silikon Mapesil AC 143 cynamon 310 ml|45.99|1|27|akcesoria do plytek
https://images.obi.pl/product/PL/579x320/603425_1.jpg|Soudal Klej Fix All Classic czarny|38.99|1|71|akcesoria do plytek
https://images.obi.pl/product/PL/579x320/571067_1.jpg|Soudal Akryl Firecryl FR 310 ml biały|69.99|1|67|akcesoria do plytek
https://images.obi.pl/product/PL/579x320/621516_1.jpg|Mapei Silikon Mapesil AC 103 księżycowy biały 310 ml|45.99|1|3|akcesoria do plytek
https://images.obi.pl/product/PL/579x320/621518_1.jpg|Mapei Silikon Mapesil AC 133 piasek 310 ml|45.99|1|90|akcesoria do plytek
https://images.obi.pl/product/PL/579x320/633961_2.jpg|Atlas Silikon sanitarny Silton S 020 beżowy 280 ml|46.99|1|21|akcesoria do plytek
https://images.obi.pl/product/PL/579x320/633971_1.jpg|Atlas Silikon sanitarny Silton S 025 jasnozielony 280 ml|46.99|1|76|akcesoria do plytek
https://images.obi.pl/product/PL/579x320/633975_1.jpg|Atlas Silikon sanitarny Silton S 123 jasnobrązowy 280 ml|46.99|1|55|akcesoria do plytek
https://images.obi.pl/product/PL/579x320/633985_1.jpg|Atlas Silikon sanitarny Silton S 202 popielaty 280 ml|46.99|1|19|akcesoria do plytek
https://images.obi.pl/product/PL/579x320/634001_1.jpg|Atlas Silikon sanitarny Silton S 019 jasnobeżowy 280 ml|46.99|1|0|akcesoria do plytek
https://images.obi.pl/product/PL/579x320/634027_1.jpg|Atlas Silikon sanitarny Silton S 210 kakao 280 ml|46.99|1|30|akcesoria do plytek
https://images.obi.pl/product/PL/579x320/450751_1.jpg|Mapei Silikon Mapesil AC 999 bezbarwny 310 ml|45.99|1|19|akcesoria do plytek
https://images.obi.pl/product/PL/579x320/634397_2.jpg|Sopro Silikon sanitarny jasnoszary 310 ml|57.99|1|32|akcesoria do plytek
https://images.obi.pl/product/PL/579x320/634404_1.jpg|Sopro Silikon sanitarny betonowo-szary 310 ml|57.99|1|84|akcesoria do plytek
https://images.obi.pl/product/PL/579x320/634429_2.jpg|Sopro Silikon sanitarny beżowy 310 ml|57.99|1|7|akcesoria do plytek
https://images.obi.pl/product/PL/579x320/634437_1.jpg|Sopro Silikon sanitarny biały 310 ml|57.99|1|93|akcesoria do plytek
https://images.obi.pl/product/PL/415x415/634438_1.jpg|Sopro Silikon sanitarny czarny 310 ml|57.99|1|88|akcesoria do plytek
https://images.obi.pl/product/PL/579x320/634442_1.jpg|Sopro Silikon sanitarny 055 pergamon 310 ml|57.99|1|21|akcesoria do plytek
https://images.obi.pl/product/PL/579x320/634444_1.jpg|Sopro Silikon sanitarny 051 szary 310 ml|57.99|1|19|akcesoria do plytek
https://images.obi.pl/product/PL/579x320/290963_1.jpg|Ceresit Silikon sanitarny CS9 bezbarwny, 280 ml|25.99|1|32|akcesoria do plytek
https://images.obi.pl/product/PL/579x320/308201_1.jpg|Knauf Silikon sanitarny jasny szary 280 ml|41.99|1|90|akcesoria do plytek
https://images.obi.pl/product/PL/415x415/158527_1.jpg|Soudal Silikon uniwersalny 280 ml brązowy|27.99|1|60|akcesoria do plytek
https://images.obi.pl/product/PL/579x320/324691_1.jpg|Soudal Silikon akwarystyczny 280 ml beż|54.99|1|65|akcesoria do plytek
https://images.obi.pl/product/PL/579x320/646953_1.jpg|Expert Line Klej poliuretanowy Express błyskawiczny 750 ml|44.99|1|65|akcesoria do plytek
https://images.obi.pl/product/PL/579x320/334605_1.jpg|Cersit Silikon sanitarny CS25 platinum 280 ml|43.99|1|31|akcesoria do plytek
https://images.obi.pl/product/PL/579x320/671536_1.jpg|Soudal Uszczelniacz Fix All super mocny 290 ml|46.99|1|34|akcesoria do plytek
https://images.obi.pl/product/PL/415x415/395077_1.jpg|Ceresit Silikon sanitarny CS 25 55 terra 280 ml|43.99|1|71|akcesoria do plytek
https://images.obi.pl/product/PL/415x415/395080_1.jpg|Ceresit Silikon sanitarny CS 25 58 chocollate 280 ml|43.99|1|37|akcesoria do plytek
https://images.obi.pl/product/PL/579x320/395082_1.jpg|Ceresit Silikon sanitarny CS 25 13 antracyt 280 ml|43.99|1|87|akcesoria do plytek
https://images.obi.pl/product/PL/579x320/538575_1.jpg|Ceresit Silikon sanitarny CS 25 7 szary 280 ml|43.99|1|40|akcesoria do plytek
https://images.obi.pl/product/PL/579x320/450733_1.jpg|Mapei Silikon Mapesil AC 132 beż 2000 310 ml|45.99|1|19|akcesoria do plytek
https://images.obi.pl/product/PL/579x320/450728_1.jpg|Mapei Silikon Mapesil AC 110 manhattan 2000 310 ml|45.99|1|47|akcesoria do plytek
https://images.obi.pl/product/PL/579x320/450730_1.jpg|Mapei Silikon Mapesil AC 113 szary 310 ml|45.99|1|48|akcesoria do plytek
https://images.obi.pl/product/PL/579x320/450734_1.jpg|Mapei Silikon Mapesil AC 131 wanilia 310 ml|45.99|1|1|akcesoria do plytek
https://images.obi.pl/product/PL/579x320/450736_1.jpg|Mapei Silikon Mapesil AC 142 brąz 310 ml|45.99|1|21|akcesoria do plytek
https://images.obi.pl/product/PL/579x320/450745_1.jpg|Mapei Silikon Mapesil AC 180 mięta 310 ml|45.99|1|79|akcesoria do plytek
https://images.obi.pl/product/PL/579x320/603432_1.jpg|Soudal Klej Fix All Classic szary|38.99|1|20|akcesoria do plytek
https://images.obi.pl/product/PL/579x320/603444_1.jpg|Soudal Klej Fix All Classic 290 ml brązowy|38.99|1|45|akcesoria do plytek
https://images.obi.pl/product/PL/579x320/621513_1.jpg|Mapei Silikon Mapesil AC 134 jedwab 310 ml|45.99|1|36|akcesoria do plytek
https://images.obi.pl/product/PL/579x320/621514_1.jpg|Mapei Silikon Mapesil AC 136 brunatny 310 ml|45.99|1|39|akcesoria do plytek
https://images.obi.pl/product/PL/579x320/621515_1.jpg|Mapei Silikon Mapesil AC 149 piasek wulkaniczny 310 ml|45.99|1|66|akcesoria do plytek
https://images.obi.pl/product/PL/579x320/621517_1.jpg|Mapei Silikon Mapesil AC 135 złoty pył 310 ml|45.99|1|66|akcesoria do plytek
https://images.obi.pl/product/PL/579x320/633964_1.jpg|Atlas Silikon sanitarny Silton S 118 jaśminowy 280 ml|46.99|1|28|akcesoria do plytek
https://images.obi.pl/product/PL/579x320/633966_2.jpg|Atlas Silikon sanitarny Silton S 209 kasztanowy 280 ml|46.99|1|48|akcesoria do plytek
https://images.obi.pl/product/PL/579x320/633967_1.jpg|Atlas Silikon sanitarny Silton S 120 toffi 280 ml|46.99|1|89|akcesoria do plytek
https://images.obi.pl/product/PL/579x320/633976_2.jpg|Atlas Silikon sanitarny Silton S 205 kremowy 280 ml|46.99|1|52|akcesoria do plytek
https://images.obi.pl/product/PL/579x320/633977_2.jpg|Atlas Silikon sanitarny Silton S 018 beż pastelowy 280 ml|46.99|1|22|akcesoria do plytek
https://images.obi.pl/product/PL/415x415/633978_2.jpg|Atlas Silikon sanitarny Silton S 124 ciemne wenge 280 ml|46.99|1|30|akcesoria do plytek
https://images.obi.pl/product/PL/415x415/633980_1.jpg|Atlas Silikon sanitarny Silton S 136 srebrny 280 ml|46.99|1|99|akcesoria do plytek
https://images.obi.pl/product/PL/579x320/633988_1.jpg|Atlas Silikon sanitarny Silton S 027 zielony 280 ml|46.99|1|28|akcesoria do plytek
https://images.obi.pl/product/PL/579x320/633989_1.jpg|Atlas Silikon sanitarny Silton S 203 stalowy 280 ml|46.99|1|90|akcesoria do plytek
https://images.obi.pl/product/PL/415x415/633993_2.jpg|Atlas Silikon sanitarny Silton S 037 grafitowy 280 ml|46.99|1|63|akcesoria do plytek
https://images.obi.pl/product/PL/415x415/633998_2.jpg|Atlas Silikon sanitarny Silton S 036 ciemnoszary 280 ml|46.99|1|4|akcesoria do plytek
https://images.obi.pl/product/PL/579x320/634005_2.jpg|Atlas Silikon sanitarny Silton S 022 orzechowy 280 ml|46.99|1|63|akcesoria do plytek
https://images.obi.pl/product/PL/579x320/634010_1.jpg|Atlas Silikon sanitarny Silton S 215 atramentowy 280 ml|46.99|1|11|akcesoria do plytek
https://images.obi.pl/product/PL/579x320/634011_1.jpg|Atlas Silikon sanitarny Silton S 000 transparentny 280 ml|46.99|1|19|akcesoria do plytek
https://images.obi.pl/product/PL/579x320/634013_2.jpg|Atlas Silikon sanitarny Silton S 213 mandarynkowy 280 ml|46.99|1|70|akcesoria do plytek
https://images.obi.pl/product/PL/579x320/634031_1.jpg|Atlas Silikon sanitarny Silton S 023 brązowy 280 ml|46.99|1|31|akcesoria do plytek
https://images.obi.pl/product/PL/579x320/634428_1.jpg|Sopro Silikon sanitarny srebrno-szary 310 ml|57.99|1|4|akcesoria do plytek
https://images.obi.pl/product/PL/579x320/634432_1.jpg|Sopro Silikon sanitarny beż jura 310 ml|57.99|1|88|akcesoria do plytek
https://images.obi.pl/product/PL/579x320/634440_1.jpg|Sopro Silikon sanitarny jasny beż 310 ml|57.99|1|70|akcesoria do plytek
https://images.obi.pl/product/PL/579x320/634443_1.jpg|Sopro Silikon sanitarny 056 brąz bali 310 ml|57.99|1|96|akcesoria do plytek
https://images.obi.pl/product/PL/579x320/634445_1.jpg|Sopro Silikon sanitarny 057 karmel 310 ml|57.99|1|15|akcesoria do plytek
https://images.obi.pl/product/PL/579x320/634454_1.jpg|Sopro Silikon sanitarny 232 umbra 310 ml|57.99|1|64|akcesoria do plytek
https://images.obi.pl/product/PL/579x320/265696_1.jpg|Ceresit Re-new white, 100 ml|34.99|1|54|akcesoria do plytek
https://images.obi.pl/product/PL/579x320/637705_1.jpg|Ceresit Klej uniwersalny CX 10 - 850 ml|45.99|1|89|akcesoria do plytek
https://images.obi.pl/product/PL/579x320/259577_1.jpg|Sopro Silikon sanitarny 030 bazalt 310 ml|57.99|1|27|akcesoria do plytek
https://images.obi.pl/product/PL/579x320/308200_1.jpg|Knauf Silikon sanitarny jasny brąz 280 ml|41.99|1|17|akcesoria do plytek
https://images.obi.pl/product/PL/579x320/308205_1.jpg|Knauf Silikon sanitarny ciemno szary 280 ml|41.99|1|50|akcesoria do plytek
https://images.obi.pl/product/PL/579x320/308197_1.jpg|Knauf Silikon sanitarny antracyt 280 ml|41.99|1|48|akcesoria do plytek
https://images.obi.pl/product/PL/579x320/308196_1.jpg|Knauf Silikon sanitarny anemon 280 ml|41.99|1|38|akcesoria do plytek
https://images.obi.pl/product/PL/579x320/324707_1.jpg|Soudal Silikon uniwersalny 280 ml biały|26.99|1|76|akcesoria do plytek
https://images.obi.pl/product/PL/579x320/324706_1.jpg|Soudal Silikon uniwersalny 280 ml bezbarwny|26.99|1|59|akcesoria do plytek
https://images.obi.pl/product/PL/579x320/158534_1.jpg|Soudal Silikon uniwersalny 280 ml beżowy|27.99|1|94|akcesoria do plytek
https://images.obi.pl/product/PL/579x320/324704_1.jpg|Soudal Silikon szklarski 280 ml biały|34.99|1|70|akcesoria do plytek
https://images.obi.pl/product/PL/579x320/158543_1.jpg|Soudal Silikon sanitarny 280 ml beżowy|30.99|1|86|akcesoria do plytek
https://images.obi.pl/product/PL/579x320/158546_1.jpg|Soudal Silikon neutralny 280 ml brązowy|29.99|1|91|akcesoria do plytek
https://images.obi.pl/product/PL/579x320/352993_1.jpg|Soudal Silikon neutralny sanitarny 280 ml bezbarwny|33.99|1|88|akcesoria do plytek
https://images.obi.pl/product/PL/579x320/324771_1.jpg|Soudal Uszczelniacz dekarski 280 ml brązowy|35.99|1|44|akcesoria do plytek
https://images.obi.pl/product/PL/415x415/324693_1.jpg|Soudal Silikon neutralny Express 280 ml biały|44.99|1|76|akcesoria do plytek
https://images.obi.pl/product/PL/415x415/324246_1.jpg|Knauf Silikon sanitarny bahama beż 280 ml|41.99|1|4|akcesoria do plytek
https://images.obi.pl/product/PL/415x415/641646_1.jpg|Expert Line Silikon uniwersalny biały 280 ml|23.99|1|76|akcesoria do plytek
https://images.obi.pl/product/PL/579x320/641647_1.jpg|Expert Line Silikon uniwersalny bezbarwny 280 ml|23.99|1|91|akcesoria do plytek
https://images.obi.pl/product/PL/579x320/646955_1.jpg|Expert Line Klej poliuretanowy Pianofix dekarski 750 ml|42.99|1|74|akcesoria do plytek
https://images.obi.pl/product/PL/579x320/647334_1.jpg|Expert Line Silikon neutralny 280 ml biały|27.99|1|99|akcesoria do plytek
https://images.obi.pl/product/PL/415x415/647335_1.jpg|Expert Line Silikon neutralny 280 ml bezbarwny|27.99|1|43|akcesoria do plytek
https://images.obi.pl/product/PL/579x320/334603_1.jpg|Cersit Silikon sanitarny CS25 marble white 280 ml|43.99|1|46|akcesoria do plytek
https://images.obi.pl/product/PL/579x320/334604_1.jpg|Cersit Silikon sanitarny CS25 brown 280 ml|43.99|1|78|akcesoria do plytek
https://images.obi.pl/product/PL/579x320/334606_1.jpg|Cersit Silikon sanitarny CS25 almontree 280 ml|43.99|1|7|akcesoria do plytek
https://images.obi.pl/product/PL/579x320/636866_1.jpg|Cersit Silikon sanitarny CS 25 cement gray 280 ml|43.99|1|91|akcesoria do plytek
https://images.obi.pl/product/PL/579x320/671535_1.jpg|Soudal Uszczelniacz Fix All High Tack Clear 290 ml|51.99|1|65|akcesoria do plytek
https://images.obi.pl/product/PL/579x320/671537_1.jpg|Soudal Uszczelniacz Green Fix polymer 290 ml|45.99|1|58|akcesoria do plytek
https://images.obi.pl/product/PL/579x320/395076_1.jpg|Ceresit Silikon sanitarny CS 25 10 manhattan 280 ml|43.99|1|87|akcesoria do plytek
https://images.obi.pl/product/PL/579x320/538572_1.jpg|Ceresit Silikon sanitarny CS 25 16 grafit 280 ml|43.99|1|25|akcesoria do plytek
https://images.obi.pl/product/PL/579x320/395081_1.jpg|Ceresit Silikon sanitarny CS 25 4 silver 280 ml|43.99|1|99|akcesoria do plytek
https://images.obi.pl/product/PL/579x320/395086_1.jpg|Ceresit Silikon sanitarny CS 25 40 jaśmin 280 ml|43.99|1|55|akcesoria do plytek
https://images.obi.pl/product/PL/579x320/450749_1.jpg|Mapei Silikon Mapesil AC 145 ceglasty 310 ml|45.99|1|17|akcesoria do plytek
https://images.obi.pl/product/PL/579x320/395078_1.jpg|Ceresit Silikon sanitarny CS 25 43 bahama 280 ml|43.99|1|46|akcesoria do plytek
https://images.obi.pl/product/PL/579x320/450727_1.jpg|Mapei Silikon Mapesil AC 111 srebrny 310 ml|45.99|1|100|akcesoria do plytek
https://images.obi.pl/product/PL/415x415/633982_2.jpg|Atlas Silikon sanitarny Silton S 035 szary 280 ml|46.99|1|59|akcesoria do plytek
https://images.obi.pl/product/PL/415x415/634016_1.jpg|Atlas Silikon sanitarny Silton S 212 szarobrązowy 280 ml|46.99|1|91|akcesoria do plytek
https://images.obi.pl/product/PL/579x320/634018_2.jpg|Atlas Silikon sanitarny Silton S 214 wrzosowy 280 ml|46.99|1|30|akcesoria do plytek
https://images.obi.pl/product/PL/579x320/634020_2.jpg|Atlas Silikon sanitarny Silton S 218 cytrynowy 280 ml|46.99|1|32|akcesoria do plytek
https://images.obi.pl/product/PL/579x320/634024_2.jpg|Atlas Silikon sanitarny Silton S 211 cementowy 280 ml|46.99|1|94|akcesoria do plytek
https://images.obi.pl/product/PL/579x320/634029_2.jpg|Atlas Silikon sanitarny Silton S 216 czerwony 280 ml|46.99|1|53|akcesoria do plytek
https://images.obi.pl/product/PL/579x320/634030_2.jpg|Atlas Silikon sanitarny Silton S 024 ciemnobrązowy 280 ml|46.99|1|12|akcesoria do plytek
https://images.obi.pl/product/PL/579x320/634417_1.jpg|Sopro Silikon sanitarny piaskowo-szary 310 ml|57.99|1|75|akcesoria do plytek
https://images.obi.pl/product/PL/579x320/634421_1.jpg|Sopro Silikon sanitarny kamienno-szary 310 ml|57.99|1|42|akcesoria do plytek
https://images.obi.pl/product/PL/579x320/634430_2.jpg|Sopro Silikon sanitarny bezbarwny 310 ml|57.99|1|14|akcesoria do plytek
https://images.obi.pl/product/PL/579x320/634433_1.jpg|Sopro Silikon sanitarny anemon 310 ml|57.99|1|54|akcesoria do plytek
https://images.obi.pl/product/PL/579x320/634434_1.jpg|Sopro Silikon sanitarny manhattan 310 ml|57.99|1|98|akcesoria do plytek
https://images.obi.pl/product/PL/579x320/634435_2.jpg|Sopro Silikon sanitarny brąz 310 ml|57.99|1|6|akcesoria do plytek
https://images.obi.pl/product/PL/579x320/634436_1.jpg|Sopro Silikon sanitarny beż bahama 310 ml|57.99|1|49|akcesoria do plytek
https://images.obi.pl/product/PL/579x320/634439_1.jpg|Sopro Silikon sanitarny antracyt 310 ml|57.99|1|95|akcesoria do plytek
https://images.obi.pl/product/PL/579x320/634441_1.jpg|Sopro Silikon sanitarny jaśmin 310 ml|57.99|1|9|akcesoria do plytek
https://images.obi.pl/product/PL/579x320/308204_1.jpg|Knauf Silikon sanitarny szary 280 ml|41.99|1|81|akcesoria do plytek
https://images.obi.pl/product/PL/579x320/308203_1.jpg|Knauf Silikon sanitarny manhattan 280 ml|41.99|1|5|akcesoria do plytek
https://images.obi.pl/product/PL/579x320/308198_1.jpg|Knauf Silikon sanitarny biały 280 ml|41.99|1|24|akcesoria do plytek
https://images.obi.pl/product/PL/579x320/308202_1.jpg|Knauf Silikon sanitarny jaśmin 280 ml|41.99|1|26|akcesoria do plytek
https://images.obi.pl/product/PL/579x320/308206_1.jpg|Knauf Silikon sanitarny bezbarwny 280 ml|41.99|1|74|akcesoria do plytek
https://images.obi.pl/product/PL/415x415/324705_1.jpg|Soudal Silikon szklarski 280 ml brązowy|34.99|1|84|akcesoria do plytek
https://images.obi.pl/product/PL/579x320/158544_1.jpg|Soudal Silikon neutralny 280 ml biały|29.99|1|30|akcesoria do plytek
https://images.obi.pl/product/PL/579x320/158553_1.jpg|Soudal Uszczelniacz dekarski 280 ml czerwony|35.99|1|54|akcesoria do plytek
https://images.obi.pl/product/PL/579x320/603434_1.jpg|Soudal Klej Montage Fix 280 ml|24.99|1|47|akcesoria do plytek
https://images.obi.pl/product/PL/579x320/324247_1.jpg|Knauf Silikon sanitarny karmel 280 ml|41.99|1|4|akcesoria do plytek
https://images.obi.pl/product/PL/579x320/324248_1.jpg|Knauf Silikon sanitarny ciemny brąz 280 ml|41.99|1|75|akcesoria do plytek
https://images.obi.pl/product/PL/579x320/324805_1.jpg|Knauf Silikon sanitarny brąz 280 ml|41.99|1|17|akcesoria do plytek
https://images.obi.pl/product/PL/579x320/334607_1.jpg|Cersit Silikon sanitarny CS25 iron grey 280 ml|43.99|1|32|akcesoria do plytek
https://images.obi.pl/product/PL/579x320/636859_1.jpg|Cersit Silikon sanitarny CS 25 coal 280 ml|43.99|1|93|akcesoria do plytek
https://images.obi.pl/product/PL/579x320/615844_1.jpg|Soudal Klej montażowy T-REX super mocny 380 g|23.99|1|78|akcesoria do plytek
https://images.obi.pl/product/PL/579x320/324765_1.jpg|Soudal Akryl 280 ml biały|10.99|1|65|akcesoria do plytek
https://images.obi.pl/product/PL/579x320/662295_1.jpg|Soudal Silikon uniwersalny czarny 280 ml|27.99|1|96|akcesoria do plytek
https://images.obi.pl/product/PL/579x320/290959_1.jpg|Ceresit Uszczelniacz akrylowy CS7 biały, 280 ml|10.99|1|72|akcesoria do plytek
https://images.obi.pl/product/PL/579x320/308199_1.jpg|Knauf Silikon sanitarny czarny 280 ml|41.99|1|20|akcesoria do plytek
https://images.obi.pl/product/PL/579x320/158541_1.jpg|Soudal Silikon sanitarny 280 ml szary|30.99|1|91|akcesoria do plytek
https://images.obi.pl/product/PL/579x320/632532_1.jpg|Fischer Kotwa chemiczna FIP C 300T 300 ml|37.99|1|0|akcesoria do plytek
https://images.obi.pl/product/PL/579x320/468892_1.jpg|Soudal Środek do usuwania silikonu 100 ml|49.99|1|5|akcesoria do plytek
https://images.obi.pl/product/PL/579x320/646958_1.jpg|Lux Kostki do układania silikonu 4szt.|15.99|1|47|akcesoria do plytek
https://images.obi.pl/product/PL/579x320/644586_1.jpg|Szpachelki do silikonu 4 szt.|25.99|1|97|akcesoria do plytek
https://images.obi.pl/product/PL/579x320/687693_1.jpg|Pattex Silikon naprawczy renowator Re-New (do łazienek, toalet, korytarzy) biały|37.99|1|25|akcesoria do plytek
https://images.obi.pl/product/PL/579x320/322875_1.jpg|Dragon Pro Zmywacz do silikonu 1 l|38.99|1|71|akcesoria do plytek
https://images.obi.pl/product/PL/579x320/571071_1.jpg|Soudal Klej do blach 290 ml bezbarwny|44.99|1|100|akcesoria do plytek
https://images.obi.pl/product/PL/579x320/324776_1.jpg|Soudal Super klej do glazury i terakoty 24A 280 ml|19.99|1|60|akcesoria do plytek
https://images.obi.pl/product/PL/579x320/659558_1.jpg|Soudal Akryl sanitarny 280 ml|18.99|1|13|akcesoria do plytek
https://images.obi.pl/product/PL/579x320/324769_1.jpg|Soudal Akryl do tynków 280 ml biały|18.99|1|32|akcesoria do plytek
https://images.obi.pl/product/PL/579x320/339908_1.jpg|Expert Line Uszczelniacz akrylowy do płyt G-K biały 280 ml|15.99|1|94|akcesoria do plytek
https://images.obi.pl/product/PL/579x320/684528_1.jpg|Rawlplug Wycior do otworów pod kotwę chemiczną M08-M10|25.99|1|60|akcesoria do plytek
https://images.obi.pl/product/PL/579x320/571064_1.jpg|Soudal Klej do blach 290 ml szary|44.99|1|4|akcesoria do plytek
https://images.obi.pl/product/PL/579x320/603446_1.jpg|Soudal Klej do folii budowlanej Vapouresal 310 ml|43.99|1|30|akcesoria do plytek
https://images.obi.pl/product/PL/579x320/537212_1.jpg|Soudal Aplikator do kartuszy 3 sztuki|2.67|1|76|akcesoria do plytek
https://images.obi.pl/product/PL/579x320/634022_1.jpg|Atlas Silikon sanitarny Silton S 220 awokado 280 ml|46.99|1|81|akcesoria do plytek
https://images.obi.pl/product/PL/415x415/641593_1.jpg|Soudal Klej do dachówek Colodach 280 ml|25.99|1|6|akcesoria do plytek
https://images.obi.pl/product/PL/415x415/669909_1.jpg|Lux Paca do fug 150 mm|7.99|1|4|akcesoria do plytek
https://images.obi.pl/product/PL/415x415/669911_1.jpg|Lux Paca do fug 300 mm|12.99|1|85|akcesoria do plytek
https://images.obi.pl/product/PL/415x415/687692_1.jpg|Pattex Silikon naprawczy renowator Re-New (do łazienek, toalet, korytarzy) biały|42.99|1|66|akcesoria do plytek
https://images.obi.pl/product/PL/415x415/603440_2.jpg|Soudal Klej do blach 290 ml|44.99|1|87|akcesoria do plytek
https://images.obi.pl/product/PL/415x415/571066_1.jpg|Soudal Klej do blach 290 ml brązowy|44.99|1|99|akcesoria do plytek
https://images.obi.pl/product/PL/415x415/621519_1.jpg|Mapei Silikon Mapesil AC 174 tornado 310 ml|45.99|1|73|akcesoria do plytek
https://images.obi.pl/product/PL/579x320/634008_2.jpg|Atlas Silikon sanitarny Silton S 217 szmaragdowy 280 ml|46.99|1|80|akcesoria do plytek
https://images.obi.pl/product/PL/579x320/669910_1.jpg|Lux Paca do fug 200 mm|8.99|1|28|akcesoria do plytek
https://images.obi.pl/product/PL/579x320/683865_1.jpg|Soudal Końcówka mieszająca do kotew 5szt.|8.46|1|77|akcesoria do plytek
https://images.obi.pl/product/PL/579x320/656081_1.jpg|Stone Master Klej hybrydowy Concrete Glue 290 ml|39.99|1|56|akcesoria do plytek
https://images.obi.pl/product/PL/579x320/324775_1.jpg|Soudal Uszczelniacz do pieców 280 ml czarny|29.99|1|88|akcesoria do plytek
https://images.obi.pl/product/PL/579x320/326028_1.jpg|Soudal Akryl do płyt G-K 280 ml biały|14.99|1|25|akcesoria do plytek
